{"labels": [14, 11, 14, 11], "scores": [0.9943195581436157, 0.9207556843757629, 0.39668768644332886, 0.12743966281414032], "bboxes": [[31.773122787475586, 0.0, 353.0, 493.525634765625], [46.30699920654297, 237.0122528076172, 186.24462890625, 363.9014587402344], [12.288783073425293, 202.0040283203125, 284.93695068359375, 498.42474365234375], [14.847103118896484, 244.32630920410156, 195.3191375732422, 462.5691833496094]]}